Link,Image,Name,Description,Rarity,Row-height hack (hidden),Class,Ironclad,Silent,Defect,Watcher,All,Trigger Type,Benefit Type
đź”—,,Astrolabe,"Upon pickup, choose and Transform 3 cards, then Upgrade them.",Boss,|,Any,âś…,âś…,âś…,âś…,âś…,Immediate,Alter Deck
đź”—,,Black Star,Elites now drop 2 Relics when defeated.,Boss,|,Any,âś…,âś…,âś…,âś…,âś…,Elite / Boss,Relic
đź”—,,Busted Crown,"Gain 1 Energy at the start of each turn. On card reward screens, you have 2 fewer cards to choose from.",Boss,|,Any,âś…,âś…,âś…,âś…,âś…,Turn,Energy
đź”—,,Calling Bell,Obtain a special Curse and 3 Relics,Boss,|,Any,âś…,âś…,âś…,âś…,âś…,Immediate,Relic
đź”—,,Coffee Dripper,Gain 1 Energy at the start of each turn. You can no longer Rest at Rest Sites.,Boss,|,Any,âś…,âś…,âś…,âś…,âś…,Turn,Energy
đź”—,,Cursed Key,"Gain 1 Energy at the start of each turn. Whenever you open non-boss chests, obtain 1 Curse.",Boss,|,Any,âś…,âś…,âś…,âś…,âś…,Turn,Energy
đź”—,,Ectoplasm,Gain 1 Energy at the start of each turn. You can no long obtain Gold.,Boss,|,Any,âś…,âś…,âś…,âś…,âś…,Turn,Energy
đź”—,,Empty Cage,"Upon pickup, remove 2 cards from your deck.",Boss,|,Any,âś…,âś…,âś…,âś…,âś…,Immediate,Alter Deck
đź”—,,Fusion Hammer,Gain 1 Energy at the start of each turn. You can no longer Smith at Rest Sites.,Boss,|,Any,âś…,âś…,âś…,âś…,âś…,Turn,Energy
đź”—,,Pandora's Box,Transform all Strikes and Defends.,Boss,|,Any,âś…,âś…,âś…,âś…,âś…,Immediate,Alter Deck
đź”—,,Philosopherâ€™s Stone,Gain 1 Energy at the start of each turn. ALL enemies start with 2 Strength.,Boss,|,Any,âś…,âś…,âś…,âś…,âś…,Turn,Energy
đź”—,,Runic Dome,Gain 1 Energy at the start of each turn. You can no long see enemy Intents.,Boss,|,Any,âś…,âś…,âś…,âś…,âś…,Turn,Energy
đź”—,,Runic Pyramid,"At the end of your turn, you no longer discard your hand.",Boss,|,Any,âś…,âś…,âś…,âś…,âś…,Turn,Special
đź”—,,Sacred Bark,Double the effectiveness of potions.,Boss,|,Any,âś…,âś…,âś…,âś…,âś…,Potion,Potion
đź”—,,Slaver's Collar,"During Boss and Elite combats, gain Energy at the start of your turn.",Boss,|,Any,âś…,âś…,âś…,âś…,âś…,Elite / Boss,Energy
đź”—,,Snecko Eye,Draw 2 additional cards each turn. Start each combat Confused.,Boss,|,Any,âś…,âś…,âś…,âś…,âś…,Special,Special
đź”—,,Sozu,Gain 1 Energy at the start of each turn. You can no longer use potions.,Boss,|,Any,âś…,âś…,âś…,âś…,âś…,Turn,Energy
đź”—,,Tiny House,Obtain 1 Potion. Gain 50 Gold. Raise your Max HP by 5. Obtain 1 Card. Upgrade 1 Random card.,Boss,|,Any,âś…,âś…,âś…,âś…,âś…,Immediate,Special
đź”—,,Velvet Choker,Gain 1 Energy at the start of each turn. You cannot play more than 6 cards per turn.,Boss,|,Any,âś…,âś…,âś…,âś…,âś…,Turn,Energy
đź”—,,Frozen Core,"*Replaces Cracked Core* If you end your turn with empty Orb slots, Channel 1 Frost Orb.",Boss,|,Defect,âťŚ,âťŚ,âś…,âťŚ,âťŚ,Special,Orb
đź”—,,Inserter,"Every 2 turns, gain 1 Orb slot.",Boss,|,Defect,âťŚ,âťŚ,âś…,âťŚ,âťŚ,Turn Count,Orb
đź”—,,Nuclear Battery,"At the start of each combat, Channel 1 Plasma.",Boss,|,Defect,âťŚ,âťŚ,âś…,âťŚ,âťŚ,Combat Start,Orb
đź”—,,Black Blood,"*Replaces burning blood* At the end of combat, heal 12 HP.",Boss,|,Ironclad,âś…,âťŚ,âťŚ,âťŚ,âťŚ,Combat End,Heal
đź”—,,Mark of Pain,Gain 1 Energy at the start of each turn. Start combats with 2 Wounds in your draw pile.,Boss,|,Ironclad,âś…,âťŚ,âťŚ,âťŚ,âťŚ,Turn,Energy
đź”—,,Runic Cube,"Whenever you lose HP, draw 1 card.",Boss,|,Ironclad,âś…,âťŚ,âťŚ,âťŚ,âťŚ,Hit Points,Draw
đź”—,,Hovering Kite,"The first time you discard a card each turn, gain 1 Energy.",Boss,|,Silent,âťŚ,âś…,âťŚ,âťŚ,âťŚ,Discard,Energy
đź”—,,Ring of the Serpent,"*Replaces Ring of the Snake* At the start of your turn, draw 1 additional card.",Boss,|,Silent,âťŚ,âś…,âťŚ,âťŚ,âťŚ,Turn,Draw
đź”—,,Wrist Blade,Attacks that cost 0 deal 4 additional damage.,Boss,|,Silent,âťŚ,âś…,âťŚ,âťŚ,âťŚ,Card Play,Damage
đź”—,,Holy Water,"*Replaces Pure Water* At the start of each combat, add 3 Miracles to your hand.",Boss,|,Watcher,âťŚ,âťŚ,âťŚ,âś…,âťŚ,Combat Start,Energy
đź”—,,Violet Lotus,"Whenever you exit Calm, gain an additional Energy.",Boss,|,Watcher,âťŚ,âťŚ,âťŚ,âś…,âťŚ,Special,Energy
đź”—,,Akabeko,Your first attack each combat deals 8 additional damage.,Common,|,Any,âś…,âś…,âś…,âś…,âś…,Combat Start,Damage
đź”—,,Anchor,Start each combat with 10 Block.,Common,|,Any,âś…,âś…,âś…,âś…,âś…,Turn 1,Block
đź”—,,Ancient Tea Set,"Whenever you enter a Rest Site, start the next combat with 2 Energy.",Common,|,Any,âś…,âś…,âś…,âś…,âś…,Rest Site,Energy
đź”—,,Art of War,"If you do not play any Attacks during your turn, gain an extra Energy next turn.",Common,|,Any,âś…,âś…,âś…,âś…,âś…,Card-play count,Energy
đź”—,,Bag of Marbles,"At the start of each combat, apply 1 Vulnerable to ALL enemies.",Common,|,Any,âś…,âś…,âś…,âś…,âś…,Turn 1,Debuff
đź”—,,Bag of Preparation,"At the start of each combat, draw 2 additional cards.",Common,|,Any,âś…,âś…,âś…,âś…,âś…,Turn 1,Draw
đź”—,,Blood Vial,"At the start of each combat, heal 2 HP.",Common,|,Any,âś…,âś…,âś…,âś…,âś…,Combat Start,Heal
đź”—,,Bronze Scales,"Whenever you take damage, deal 3 damage back.",Common,|,Any,âś…,âś…,âś…,âś…,âś…,Hit Points,Damage
đź”—,,Centennial Puzzle,"The first time you lose HP each combat, draw 3 cards.",Common,|,Any,âś…,âś…,âś…,âś…,âś…,Hit Points,Draw
đź”—,,Ceramic Fish,"Whenever you add a card to your deck, gain 9 gold.",Common,|,Any,âś…,âś…,âś…,âś…,âś…,Add card,Gold
đź”—,,Dream Catcher,"Whenever you rest, you may add a card to your deck.",Common,|,Any,âś…,âś…,âś…,âś…,âś…,Rest Site,Alter Deck
đź”—,,Happy Flower,"Every 3 turns, gain 1 Energy.",Common,|,Any,âś…,âś…,âś…,âś…,âś…,Turn Count,Energy
đź”—,,Juzu Bracelet,Regular enemy combats are no longer encountered in ? rooms.,Common,|,Any,âś…,âś…,âś…,âś…,âś…,Permanent,Special
đź”—,,Lantern,Gain 1 Energy on the first turn of each combat.,Common,|,Any,âś…,âś…,âś…,âś…,âś…,Turn 1,Energy
đź”—,,Maw Bank,"Whenever you climb a floor, gain 12 Gold. No longer works when you spend any Gold at the shop.",Common,|,Any,âś…,âś…,âś…,âś…,âś…,Map Movement,Gold
đź”—,,Meal Ticket,"Whenever you enter a shop room, heal 15 HP.",Common,|,Any,âś…,âś…,âś…,âś…,âś…,Shop,Heal
đź”—,,Nunchaku,"Every time you play 10 Attacks, gain 1 Energy.",Common,|,Any,âś…,âś…,âś…,âś…,âś…,Card-play count,Energy
đź”—,,Oddly Smooth Stone,"At the start of each combat, gain 1 Dexterity.",Common,|,Any,âś…,âś…,âś…,âś…,âś…,Combat Start,Dexterity
đź”—,,Omamori,Negate the next 2 Curses you obtain.,Common,|,Any,âś…,âś…,âś…,âś…,âś…,Special,Negate Problem
đź”—,,Orichalcum,"If you end your turn without Block, gain 6 Block.",Common,|,Any,âś…,âś…,âś…,âś…,âś…,Turn,Block
đź”—,,Pen Nib,Every 10th Attack you play deals double damage.,Common,|,Any,âś…,âś…,âś…,âś…,âś…,Card-play count,Damage
đź”—,,Potion Belt,"Upon pickup, gain 2 potion slots.",Common,|,Any,âś…,âś…,âś…,âś…,âś…,Immediate,Potion
đź”—,,Preserved Insect,Enemies in Elite rooms have 25% less HP.,Common,|,Any,âś…,âś…,âś…,âś…,âś…,Elite / Boss,Debuff
đź”—,,Regal Pillow,Heal an additional 15 HP when you Rest.,Common,|,Any,âś…,âś…,âś…,âś…,âś…,Rest Site,Heal
đź”—,,Smiling Mask,The merchantâ€™s card removal service now always costs 50 Gold.,Common,|,Any,âś…,âś…,âś…,âś…,âś…,Shop,Gold
đź”—,,Strawberry,Raise your Max HP by 7.,Common,|,Any,âś…,âś…,âś…,âś…,âś…,Immediate,Heal
đź”—,,The Boot,"Whenever you would deal 4 or less unblocked Attack damage, increase it to 5.",Common,|,Any,âś…,âś…,âś…,âś…,âś…,Card Play,Damage
đź”—,,Tiny Chest,Every 4th ? room is a Treasure room.,Common,|,Any,âś…,âś…,âś…,âś…,âś…,Map Movement,Relic
đź”—,,Toy Ornithopter,"Whenever you use a potion, heal 5 HP.",Common,|,Any,âś…,âś…,âś…,âś…,âś…,Potion,Heal
đź”—,,Vajra,"At the start of each combat, gain 1 Strength.",Common,|,Any,âś…,âś…,âś…,âś…,âś…,Combat Start,Strength
đź”—,,War Paint,"Upon pickup, Upgrade 2 random Skills.",Common,|,Any,âś…,âś…,âś…,âś…,âś…,Immediate,Alter Deck
đź”—,,Whetstone,"Upon pickup, Upgrade 2 random Attacks.",Common,|,Any,âś…,âś…,âś…,âś…,âś…,Immediate,Alter Deck
đź”—,,Data Disk,Start each combat with 1 Focus.,Common,|,Defect,âťŚ,âťŚ,âś…,âťŚ,âťŚ,Combat Start,Orb
đź”—,,Red Skull,"While your HP is at or below 50%, you have 3 additional Strength.",Common,|,Ironclad,âś…,âťŚ,âťŚ,âťŚ,âťŚ,Hit Points,Strength
đź”—,,Snecko Skull,"Whenever you apply Poison, apply an additional 1 Poison.",Common,|,Silent,âťŚ,âś…,âťŚ,âťŚ,âťŚ,Special,Poison
đź”—,,Damaru,"At the start of your turn, gain 1 Mantra.",Common,|,Watcher,âťŚ,âťŚ,âťŚ,âś…,âťŚ,Turn,Special
đź”—,,Enchiridion,Start each combat with a random Power card in your hand. It costs 0 until the end of the turn. (From Cursed Tome Event),Event,|,Any,âś…,âś…,âś…,âś…,âś…,Turn 1,Alter Deck (Temp)
đź”—,,Golden Idol,Enemies drop 25% more Gold. (From Golden Idol Event),Event,|,Any,âś…,âś…,âś…,âś…,âś…,Combat End,Gold
đź”—,,Necronomicon,"The first Attack played each turn that costs 2 or more is played twice. When you take this relic, gain an inescapable Curse. (From Cursed Tome Event)",Event,|,Any,âś…,âś…,âś…,âś…,âś…,Card Play,Special
đź”—,,Neow's Lament,Enemies in your first 3 combats will have 1 HP. (From Neow Event),Event,|,Any,âś…,âś…,âś…,âś…,âś…,Special,Debuff
đź”—,,Nilry's Codex,"At the end of each turn, you can choose between 1 of 3 random cards to shuffle into your draw pile. (From Cursed Tome Event)",Event,|,Any,âś…,âś…,âś…,âś…,âś…,Turn,Alter Deck (Temp)
đź”—,,Odd Mushroom,"When Vulnerable, take 25% more damage, rather than 50%. (From Hypnotizing Colored Mushrooms Event)",Event,|,Any,âś…,âś…,âś…,âś…,âś…,Permanent,Negate Problem
đź”—,,Bloody Idol,"Whenever you gain Gold, heal 5 HP. (From Forgotten Altar Event)",Event,|,Any,âś…,âś…,âś…,âś…,âś…,Special,Heal
đź”—,,Cultist Headpiece,You feel more talkative. (From Face Trader Event),Event,|,Any,âś…,âś…,âś…,âś…,âś…,Permanent,No benefit
đź”—,,Face of Cleric,Raise your Max HP by 1 after each combat. (From Face Trader Event),Event,|,Any,âś…,âś…,âś…,âś…,âś…,Combat End,Heal
đź”—,,Gremlin Visage,Start each combat with 1 Weak. (From Face Trader Event),Event,|,Any,âś…,âś…,âś…,âś…,âś…,Turn 1,No benefit
đź”—,,Mark of the Bloom,You can no longer heal. (From Mind Bloom Event),Event,|,Any,âś…,âś…,âś…,âś…,âś…,Permanent,No benefit
đź”—,,Mutagenic Strength,Start each combat with 3 Strength that is lost at the end of your turn. (From Augmenter Event),Event,|,Any,âś…,âś…,âś…,âś…,âś…,Turn 1,Strength
đź”—,,N'loth's Gift,Triples the chance of receiving rare cards as monster rewards. (From N'loth Event),Event,|,Any,âś…,âś…,âś…,âś…,âś…,Combat End,Alter Deck
đź”—,,N'loth's Hungry Face,The next non-boss chest you open is empty. (From Face Trader Event),Event,|,Any,âś…,âś…,âś…,âś…,âś…,Special,No benefit
đź”—,,Red Mask,"At the start of each combat, apply 1 Weak to ALL enemies. (From Masked Bandits or Tomb of Lord Red Mask Event)",Event,|,Any,âś…,âś…,âś…,âś…,âś…,Turn 1,Debuff
đź”—,,Ssserpent Head,"Whenever you enter a ? room, gain 50 Gold. (From Face Trader Event)",Event,|,Any,âś…,âś…,âś…,âś…,âś…,Map Movement,Gold
đź”—,,Warped Tongs,"At the start of your turn, Upgrade a random card in your hand for the rest of combat. (From Ominous Forge Event)",Event,|,Any,âś…,âś…,âś…,âś…,âś…,Turn,Alter Deck (Temp)
đź”—,,Spirit Poop,It's unpleasant (reduces your final score by 1 point; From the Bonfire Spirits Event.),Event,|,Any,âś…,âś…,âś…,âś…,âś…,Permanent,No benefit
đź”—,,Bird-Faced Urn,"Whenever you play a Power, heal 2 HP.",Rare,|,Any,âś…,âś…,âś…,âś…,âś…,Card Play,Heal
đź”—,,Calipers,"At the start of your turn lose 15 Block, rather than all of your Block.",Rare,|,Any,âś…,âś…,âś…,âś…,âś…,Turn,Block
đź”—,,Captain's Wheel,"At the start of your 3rd turn, gain 18 Block.",Rare,|,Any,âś…,âś…,âś…,âś…,âś…,Turn Count,Block
đź”—,,Dead Branch,"Whenever you Exhaust a card, add a random card to your hand.",Rare,|,Any,âś…,âś…,âś…,âś…,âś…,Exhaust,Alter Deck (Temp)
đź”—,,Du-Vu Doll,"For each Curse in your deck, start each combat with 1 additional Strength.",Rare,|,Any,âś…,âś…,âś…,âś…,âś…,Combat Start,Strength
đź”—,,Fossilized Helix,Prevent the first time you would lose HP in combat.,Rare,|,Any,âś…,âś…,âś…,âś…,âś…,Hit Points,Negate Problem
đź”—,,Gambling Chip,"At the start of each combat, discard any number of cards then draw that many.",Rare,|,Any,âś…,âś…,âś…,âś…,âś…,Turn 1,Draw
đź”—,,Ginger,You can no longer become Weakened.,Rare,|,Any,âś…,âś…,âś…,âś…,âś…,Permanent,Negate Problem
đź”—,,Girya,"
You can now gain Strength at Rest Sites. (3 times max)",Rare,|,Any,âś…,âś…,âś…,âś…,âś…,Rest Site,Strength
đź”—,,Ice Cream,Energy is now conserved between turns.,Rare,|,Any,âś…,âś…,âś…,âś…,âś…,Turn,Energy
đź”—,,Incense Burner,"Every 6 turns, gain 1 intangible.",Rare,|,Any,âś…,âś…,âś…,âś…,âś…,Turn Count,Negate Problem
đź”—,,Lizard Tail,"When you would die, heal to 50% of your Max HP instead (works once).",Rare,|,Any,âś…,âś…,âś…,âś…,âś…,Hit Points,Negate Problem
đź”—,,Mango,Raise your Max HP by 14.,Rare,|,Any,âś…,âś…,âś…,âś…,âś…,Immediate,Heal
đź”—,,Old Coin,Obtain 300 gold.,Rare,|,Any,âś…,âś…,âś…,âś…,âś…,Immediate,Gold
đź”—,,Peace Pipe,You can now remove cards from your deck at Rest Sites.,Rare,|,Any,âś…,âś…,âś…,âś…,âś…,Rest Site,Alter Deck
đź”—,,Pocketwatch,"Whenever you play 3 or less cards in a turn, draw 3 additional cards at the start of your next turn.",Rare,|,Any,âś…,âś…,âś…,âś…,âś…,Card-play count,Draw
đź”—,,Prayer Wheel,Normal enemies drop an additional card reward.,Rare,|,Any,âś…,âś…,âś…,âś…,âś…,Combat End,Alter Deck
đź”—,,Shovel,You can now dig for loot at rest sites.,Rare,|,Any,âś…,âś…,âś…,âś…,âś…,Rest Site,Relic
đź”—,,Stone Calendar,"At the end of turn 7, deal 52 damage to ALL enemies.",Rare,|,Any,âś…,âś…,âś…,âś…,âś…,Turn Count,Damage
đź”—,,Thread and Needle,"At the start of each combat, gain 4 Plated Armor.",Rare,|,Any,âś…,âś…,âś…,âś…,âś…,Combat Start,Block
đź”—,,Torii,"Whenever you would receive 5 or less unblocked Attack damage, reduce it to 1.",Rare,|,Any,âś…,âś…,âś…,âś…,âś…,Hit Points,Block
đź”—,,Tungsten Rod,"Whenever you would lose HP, lose 1 less.",Rare,|,Any,âś…,âś…,âś…,âś…,âś…,Hit Points,Block
đź”—,,Turnip,You can no longer become Frail.,Rare,|,Any,âś…,âś…,âś…,âś…,âś…,Permanent,Negate Problem
đź”—,,Unceasing Top,"Whenever you have no cards in hand during your turn, draw a card.",Rare,|,Any,âś…,âś…,âś…,âś…,âś…,Special,Draw
đź”—,,Wing Boots,You may ignore paths when choosing the next room to travel to 3 times.,Rare,|,Any,âś…,âś…,âś…,âś…,âś…,Map Movement,Special
đź”—,,Emotion Chip,"If you lost HP during the previous turn, trigger the passive ability of all Orbs at the start of your turn.",Rare,|,Defect,âťŚ,âťŚ,âś…,âťŚ,âťŚ,Hit Points,Orb
đź”—,,Champion Belt,"Whenever you apply Vulnerable, also apply 1 Weak.",Rare,|,Ironclad,âś…,âťŚ,âťŚ,âťŚ,âťŚ,Special,Debuff
đź”—,,Charonâ€™s Ashes,"Whenever you Exhaust a card, deal 3 damage to ALL enemies.",Rare,|,Ironclad,âś…,âťŚ,âťŚ,âťŚ,âťŚ,Exhaust,Damage
đź”—,,Magic Flower,Healing is 50% more effective during combat.,Rare,|,Ironclad,âś…,âťŚ,âťŚ,âťŚ,âťŚ,Hit Points,Heal
đź”—,,The Specimen,"Whenever an enemy dies, transfer any Poison it has to a random enemy.",Rare,|,Silent,âťŚ,âś…,âťŚ,âťŚ,âťŚ,Special,Poison
đź”—,,Tingsha,"Whenever you discard a card during your turn, deal 3 damage to a random enemy for each card discarded.",Rare,|,Silent,âťŚ,âś…,âťŚ,âťŚ,âťŚ,Discard,Damage
đź”—,,Tough Bandages,"Whenever you discard a card during your turn, gain 3 Block.",Rare,|,Silent,âťŚ,âś…,âťŚ,âťŚ,âťŚ,Discard,Block
đź”—,,Cloak Clasp,"At the end of your turn, gain 1 Block for each card in your hand.",Rare,|,Watcher,âťŚ,âťŚ,âťŚ,âś…,âťŚ,Turn,Block
đź”—,,Golden Eye,"Whenever you Scry, Scry 2 additional cards.",Rare,|,Watcher,âťŚ,âťŚ,âťŚ,âś…,âťŚ,Special,Scry
đź”—,,Cauldron,"Upon pickup, brew 5 potions.",Shop,|,Any,âś…,âś…,âś…,âś…,âś…,Immediate,Potion
đź”—,,Chemical X,"Whenever you play a cost X card, its effects are increased by 2.",Shop,|,Any,âś…,âś…,âś…,âś…,âś…,Card Play,Special
đź”—,,Clockwork Souvenir,"At the start of each combat, gain 1 Artifact.",Shop,|,Any,âś…,âś…,âś…,âś…,âś…,Combat Start,Negate Problem
đź”—,,Dolly's Mirror,"Upon pickup, obtain an additional copy of a card in your deck.",Shop,|,Any,âś…,âś…,âś…,âś…,âś…,Immediate,Alter Deck
đź”—,,Frozen Eye,"When viewing your Draw Pile, the cards are now shown in order.",Shop,|,Any,âś…,âś…,âś…,âś…,âś…,Permanent,Special
đź”—,,Hand Drill,"Whenever you break an enemy's Block, apply 2 Vulnerable.",Shop,|,Any,âś…,âś…,âś…,âś…,âś…,Card Play,Debuff
đź”—,,Leeâ€™s Waffle,Raise your Max HP by 7 and heal all of your HP.,Shop,|,Any,âś…,âś…,âś…,âś…,âś…,Immediate,Heal
đź”—,,Medical Kit,Status cards can now be played. Playing a Status will Exhaust the card.,Shop,|,Any,âś…,âś…,âś…,âś…,âś…,Card Play,Special
đź”—,,Membership Card,50% discount on all products.,Shop,|,Any,âś…,âś…,âś…,âś…,âś…,Shop,Gold
đź”—,,Orange Pellets,"Whenever you play a Power, Attack, and Skill in the same turn, remove all of your Debuffs.",Shop,|,Any,âś…,âś…,âś…,âś…,âś…,Card Play,Negate Problem
đź”—,,Orrery,Choose and add 5 cards to your deck.,Shop,|,Any,âś…,âś…,âś…,âś…,âś…,Immediate,Alter Deck
đź”—,,Prismatic Shard,Combat reward screens now contain colorless cards and cards from other colors.,Shop,|,Any,âś…,âś…,âś…,âś…,âś…,Combat End,Alter Deck
đź”—,,Sling of Courage,Start each Elite combat with 2 Strength.,Shop,|,Any,âś…,âś…,âś…,âś…,âś…,Elite / Boss,Strength
đź”—,,Strange Spoon,Cards which Exhaust when played will instead discard 50% of the time.,Shop,|,Any,âś…,âś…,âś…,âś…,âś…,Exhaust,Alter Deck (Temp)
đź”—,,The Abacus,Gain 6 Block whenever you shuffle your draw pile.,Shop,|,Any,âś…,âś…,âś…,âś…,âś…,Shuffle,Block
đź”—,,Toolbox,"At the start of each combat, add a random colorless card to your hand.",Shop,|,Any,âś…,âś…,âś…,âś…,âś…,Combat Start,Alter Deck (Temp)
đź”—,,Runic Capacitor,Start each combat with 3 additional Orb slots.,Shop,|,Defect,âťŚ,âťŚ,âś…,âťŚ,âťŚ,Combat Start,Orb
đź”—,,Brimstone,"At the start of your turn, gain 2 Strength and ALL enemies gain 1 Strength.",Shop,|,Ironclad,âś…,âťŚ,âťŚ,âťŚ,âťŚ,Turn,Strength
đź”—,,Twisted Funnel,"At the start of each combat, apply 4 Poison to ALL enemies.",Shop,|,Silent,âťŚ,âś…,âťŚ,âťŚ,âťŚ,Turn 1,Poison
đź”—,,Melange,"Whenever you shuffle your draw pile, Scry 3.",Shop,|,Watcher,âťŚ,âťŚ,âťŚ,âś…,âťŚ,Shuffle,Scry
đź”—,,Cracked Core,"At the start of each combat, Channel 1 Lightning.",Starter,|,Defect,âťŚ,âťŚ,âś…,âťŚ,âťŚ,Combat Start,Orb
đź”—,,Burning Blood,"At the end of combat, heal 6.",Starter,|,Ironclad,âś…,âťŚ,âťŚ,âťŚ,âťŚ,Combat End,Heal
đź”—,,Ring of the Snake,"At the start of each combat, draw 2 additional cards.",Starter,|,Silent,âťŚ,âś…,âťŚ,âťŚ,âťŚ,Turn 1,Draw
đź”—,,Pure Water,"At the start of each combat, add a Miracle to your hand.",Starter,|,Watcher,âťŚ,âťŚ,âťŚ,âś…,âťŚ,Combat Start,Energy
đź”—,,Blue Candle,Curse cards can now be played. Playing a Curse will make you lose 1 HP and Exhausts the card.,Uncommon,|,Any,âś…,âś…,âś…,âś…,âś…,Card Play,Special
đź”—,,Bottled Flame,"Upon pickup, choose an Attack card. At the start of each combat, this card will be in your hand.",Uncommon,|,Any,âś…,âś…,âś…,âś…,âś…,Immediate,Innate Card
đź”—,,Bottled Lightning,"Upon pickup, choose a Skill card. At the start of each combat, this card will be in your hand.",Uncommon,|,Any,âś…,âś…,âś…,âś…,âś…,Immediate,Innate Card
đź”—,,Bottled Tornado,"Upon pickup, choose a Power card. At the start of each combat, this card will be in your hand.",Uncommon,|,Any,âś…,âś…,âś…,âś…,âś…,Immediate,Innate Card
đź”—,,Darkstone Periapt,"Whenever you obtain a Curse, increase your Max HP by 6.",Uncommon,|,Any,âś…,âś…,âś…,âś…,âś…,Special,Heal
đź”—,,Eternal Feather,"For every 5 cards in your deck, heal 3 HP whenever you enter a Rest Site.",Uncommon,|,Any,âś…,âś…,âś…,âś…,âś…,Rest Site,Heal
đź”—,,Frozen Egg,"Whenever you add a Power card to your deck, it is Upgraded.",Uncommon,|,Any,âś…,âś…,âś…,âś…,âś…,Add card,Alter Deck
đź”—,,Gremlin Horn,"Whenever an enemy dies, gain 1 Energy and draw 1 card.",Uncommon,|,Any,âś…,âś…,âś…,âś…,âś…,Special,Energy
đź”—,,Horn Cleat,"
At the start of your 2nd turn, gain 14 Block.",Uncommon,|,Any,âś…,âś…,âś…,âś…,âś…,Turn Count,Block
đź”—,,Ink Bottle,"
Whenever you play 10 cards, draw 1 card.",Uncommon,|,Any,âś…,âś…,âś…,âś…,âś…,Card-play count,Draw
đź”—,,Kunai,"Every time you play 3 Attacks in a single turn, gain 1 Dexterity.",Uncommon,|,Any,âś…,âś…,âś…,âś…,âś…,Card-play count,Dexterity
đź”—,,Letter Opener,"Every time you play 3 Skills in a single turn, deal 5 damage to ALL enemies.",Uncommon,|,Any,âś…,âś…,âś…,âś…,âś…,Card-play count,Damage
đź”—,,Matryoshka,The next 2 non-boss chests you open contain 2 Relics.,Uncommon,|,Any,âś…,âś…,âś…,âś…,âś…,Special,Relic
đź”—,,Meat on the Bone,"If your HP is at or below 50% at the end of combat, heal 12 HP.",Uncommon,|,Any,âś…,âś…,âś…,âś…,âś…,Hit Points,Heal
đź”—,,Mercury Hourglass,At the start of your turn deal 3 damage to ALL enemies.,Uncommon,|,Any,âś…,âś…,âś…,âś…,âś…,Turn,Damage
đź”—,,Molten Egg,"Whenever you add an Attack card to your deck, it is Upgraded.",Uncommon,|,Any,âś…,âś…,âś…,âś…,âś…,Add card,Alter Deck
đź”—,,Mummified Hand,"Whenever you play a Power, a random card in your hand costs 0 for the turn.",Uncommon,|,Any,âś…,âś…,âś…,âś…,âś…,Card Play,Energy
đź”—,,Ornamental Fan,"Every time you play 3 Attacks in a single turn, gain 4 Block.",Uncommon,|,Any,âś…,âś…,âś…,âś…,âś…,Card-play count,Block
đź”—,,Pantograph,"At the start of boss combats, heal 25 HP.",Uncommon,|,Any,âś…,âś…,âś…,âś…,âś…,Elite / Boss,Heal
đź”—,,Pear,Raise your Max HP by 10.,Uncommon,|,Any,âś…,âś…,âś…,âś…,âś…,Immediate,Heal
đź”—,,Question Card,"On Card Reward screens, choose from 4 cards instead of 3.",Uncommon,|,Any,âś…,âś…,âś…,âś…,âś…,Add card,Alter Deck
đź”—,,Shuriken,"Every time you play 3 Attacks in a single turn, gain 1 Strength.",Uncommon,|,Any,âś…,âś…,âś…,âś…,âś…,Card-play count,Strength
đź”—,,Singing Bowl,"When adding cards to your deck, you may gain +2 Max HP instead.",Uncommon,|,Any,âś…,âś…,âś…,âś…,âś…,Add card,Heal
đź”—,,Strike Dummy,"Cards containing ""Strike"" deal 3 additional damage.",Uncommon,|,Any,âś…,âś…,âś…,âś…,âś…,Card Play,Damage
đź”—,,Sundial,"Every 3 times you shuffle your draw pile, gain 2 Energy.",Uncommon,|,Any,âś…,âś…,âś…,âś…,âś…,Shuffle,Energy
đź”—,,The Courier,"The merchant no longer runs out of cards, relics, or potions and his prices are reduced by 20%.",Uncommon,|,Any,âś…,âś…,âś…,âś…,âś…,Shop,Gold
đź”—,,Toxic Egg,"Whenever you add a Skill card to your deck, it is Upgraded.",Uncommon,|,Any,âś…,âś…,âś…,âś…,âś…,Add card,Alter Deck
đź”—,,White Beast Statue,Potions always drop after combat.,Uncommon,|,Any,âś…,âś…,âś…,âś…,âś…,Combat End,Potion
đź”—,,Gold-Plated Cables,Your rightmost Orb triggers its passive an additional time.,Uncommon,|,Defect,âťŚ,âťŚ,âś…,âťŚ,âťŚ,Turn,Orb
đź”—,,Symbiotic Virus,"At the Start of each combat, Channel 1 Dark.",Uncommon,|,Defect,âťŚ,âťŚ,âś…,âťŚ,âťŚ,Combat Start,Orb
đź”—,,Paper Phrog,Enemies with Vulnerable take 75% more damage rather than 50%.,Uncommon,|,Ironclad,âś…,âťŚ,âťŚ,âťŚ,âťŚ,Permanent,Debuff
đź”—,,Self-Forming Clay,"Whenever you lose HP in combat, gain 3 Block next turn.",Uncommon,|,Ironclad,âś…,âťŚ,âťŚ,âťŚ,âťŚ,Hit Points,Block
đź”—,,Ninja Scroll,Start each combat with 3 Shivs in hand.,Uncommon,|,Silent,âťŚ,âś…,âťŚ,âťŚ,âťŚ,Turn 1,Alter Deck (Temp)
đź”—,,Paper Krane,Enemies with Weak deal 40% less damage rather than 25%.,Uncommon,|,Silent,âťŚ,âś…,âťŚ,âťŚ,âťŚ,Permanent,Debuff
đź”—,,Duality,"Whenever you play an Attack, gain 1 temporary Dexterity.",Uncommon,|,Watcher,âťŚ,âťŚ,âťŚ,âś…,âťŚ,Card Play,Dexterity
đź”—,,Teardrop Locket,Start each combat in Calm.,Uncommon,|,Watcher,âťŚ,âťŚ,âťŚ,âś…,âťŚ,Turn 1,Special
